Good morning, happy new year	1
Price is good 	0
AXED seller BMW	0
wish you good in 2018	1
Good morning, happy new year	1
Price is good 	0
AXED seller BMW	0
wish you good in 2018	1
Good morning, happy new year	1
Price is good 	0
AXED seller BMW	0
wish you good in 2018	1
Good morning, happy new year	1
Price is good 	0
AXED seller BMW	0
wish you good in 2018	1
Good morning, happy new year	1
Price is good 	0
AXED seller BMW	0
wish you good in 2018	1
Good morning, happy new year	1
Price is good 	0
AXED seller BMW	0
wish you good in 2018	1
Good morning, happy new year	1
Price is good 	0
AXED seller BMW	0
wish you good in 2018	1
Good morning, happy new year	1
Price is good 	0
AXED seller BMW	0
wish you good in 2018	1
Good morning, happy new year	1
Price is good 	0
AXED seller BMW	0
wish you good in 2018	1
Good morning, happy new year	1
Price is good 	0
AXED seller BMW	0
wish you good in 2018	1
Good morning, happy new year	1
Price is good 	0
AXED seller BMW	0
wish you good in 2018	1
Good morning, happy new year	1
Price is good 	0
AXED seller BMW	0
wish you good in 2018	1
Good morning, happy new year	1
Price is good 	0
AXED seller BMW	0
wish you good in 2018	1
Good morning, happy new year	1
Price is good 	0
AXED seller BMW	0
wish you good in 2018	1
Good morning, happy new year	1
Price is good 	0
AXED seller BMW	0
wish you good in 2018	1
Good morning, happy new year	1
Price is good 	0
AXED seller BMW	0
wish you good in 2018	1
Good morning, happy new year	1
Price is good 	0
AXED seller BMW	0
wish you good in 2018	1
Good morning, happy new year	1
Price is good 	0
AXED seller BMW	0
wish you good in 2018	1
Good morning, happy new year	1
Price is good 	0
AXED seller BMW	0
wish you good in 2018	1
Good morning, happy new year	1
Price is good 	0
AXED seller BMW	0
wish you good in 2018	1
Good morning, happy new year	1
Price is good 	0
AXED seller BMW	0
wish you good in 2018	1
Good morning, happy new year	1
Price is good 	0
AXED seller BMW	0
wish you good in 2018	1
Good morning, happy new year	1
Price is good 	0
AXED seller BMW	0
wish you good in 2018	1
Good morning, happy new year	1
Price is good 	0
AXED seller BMW	0
wish you good in 2018	1
Good morning, happy new year	1
Price is good 	0
AXED seller BMW	0
wish you good in 2018	1
Good morning, happy new year	1
Price is good 	0
AXED seller BMW	0
wish you good in 2018	1
Good morning, happy new year	1
Price is good 	0
AXED seller BMW	0
wish you good in 2018	1
Good morning, happy new year	1
Price is good 	0
AXED seller BMW	0
wish you good in 2018	1
Good morning, happy new year	1
Price is good 	0
AXED seller BMW	0
wish you good in 2018	1
Good morning, happy new year	1
Price is good 	0
AXED seller BMW	0
wish you good in 2018	1
Good morning, happy new year	1
Price is good 	0
AXED seller BMW	0
wish you good in 2018	1
Good morning, happy new year	1
Price is good 	0
AXED seller BMW	0
wish you good in 2018	1
Good morning, happy new year	1
Price is good 	0
AXED seller BMW	0
wish you good in 2018	1
Good morning, happy new year	1
Price is good 	0
AXED seller BMW	0
wish you good in 2018	1
Good morning, happy new year	1
Price is good 	0
AXED seller BMW	0
wish you good in 2018	1
Good morning, happy new year	1
Price is good 	0
AXED seller BMW	0
wish you good in 2018	1
Good morning, happy new year	1
Price is good 	0
AXED seller BMW	0
wish you good in 2018	1
Good morning, happy new year	1
Price is good 	0
AXED seller BMW	0
wish you good in 2018	1
Good morning, happy new year	1
Price is good 	0
AXED seller BMW	0
wish you good in 2018	1
Good morning, happy new year	1
Price is good 	0
AXED seller BMW	0
wish you good in 2018	1
Good morning, happy new year	1
Price is good 	0
AXED seller BMW	0
wish you good in 2018	1
Good morning, happy new year	1
Price is good 	0
AXED seller BMW	0
wish you good in 2018	1
Good morning, happy new year	1
Price is good 	0
AXED seller BMW	0
wish you good in 2018	1
Good morning, happy new year	1
Price is good 	0
AXED seller BMW	0
wish you good in 2018	1
Good morning, happy new year	1
Price is good 	0
AXED seller BMW	0
wish you good in 2018	1
Good morning, happy new year	1
Price is good 	0
AXED seller BMW	0
wish you good in 2018	1
Good morning, happy new year	1
Price is good 	0
AXED seller BMW	0
wish you good in 2018	1
Good morning, happy new year	1
Price is good 	0
AXED seller BMW	0
wish you good in 2018	1
Good morning, happy new year	1
Price is good 	0
AXED seller BMW	0
wish you good in 2018	1
Good morning, happy new year	1
Price is good 	0
AXED seller BMW	0
wish you good in 2018	1
Good morning, happy new year	1
Price is good 	0
AXED seller BMW	0
wish you good in 2018	1
Good morning, happy new year	1
Price is good 	0
AXED seller BMW	0
wish you good in 2018	1
Good morning, happy new year	1
Price is good 	0
AXED seller BMW	0
wish you good in 2018	1




